{
  "pools": [
    {
      "rolls": 1,
      "entries": [
        {
          "type": "minecraft:item",
          "name": "minecraft:music_disc_11",
          "functions": [
            {
              "function": "minecraft:set_lore",
              "lore": [
                {
                  "text": "Arnold Rynux - Omnidrome",
                  "color": "gray",
                  "italic": false
                }
              ]
            },
            {
              "function": "minecraft:set_nbt",
              "tag": "{CustomModelData:888508,HideFlags:32,bracken:{custom_music_disc:1b,custom_music:\"omnidrome\"}}"
            }
          ]
        }
      ]
    }
  ]
}
