{
  "pools": [
    {
      "rolls": 1,
      "entries": [
        {
          "type": "minecraft:item",
          "name": "minecraft:nether_wart",
          "functions": [
            {
              "function": "set_nbt",
              "tag": "{CustomModelData:888502}"
            },
            {
              "function": "minecraft:set_name",
              "name": {
                "text": "Sentinel Rings",
                "color": "white",
                "italic": false
              }
            },
            {
              "function": "minecraft:set_nbt",
              "tag": "{bp.potion:2b,bp:{id:\"potion_recipe\"}}"
            }
          ]
        }
      ]
    }
  ]
}
