{
  "pools": [
    {
      "rolls": 1,
      "entries": [
        {
          "type": "item",
          "name": "minecraft:diamond_sword",
          "functions": [
            {
              "function": "set_nbt",
              "tag": "{CustomModelData:888502,AttributeModifiers:[{AttributeName:\"generic.attack_damage\",Name:\"generic.attack_damage\",Amount:14,Operation:0,UUID:[I;1401610331,1048199356,-1607358411,589202321],Slot:\"mainhand\"}],Enchantments:[{id:\"minecraft:bane_of_arthropods\",lvl:5s},{id:\"minecraft:vanishing_curse\",lvl:1s}]}"
            },
            {
              "function": "set_name",
              "name": [
                {
                  "translate": "Frosfang",
                  "color": "blue",
                  "bold": true
                }
              ]
            },
            {
              "function": "set_lore",
              "lore": [
                {
                  "translate": "jeg biter!",
                  "color": "gray",
                  "italic": false
                }
              ]
            },
            {
              "function": "set_damage",
              "damage": {
                "min": 0.88,
                "max": 0.93
              }
            },
            {
              "function": "set_nbt",
              "tag": "{bp:{id:\"fragile\"}}"
            }
          ]
        }
      ]
    }
  ]
}
