{
  "pools": [
    {
      "rolls": 1,
      "entries": [
        {
          "type": "item",
          "name": "minecraft:diamond_boots",
          "functions": [
            {
              "function": "set_nbt",
              "tag": "{CustomModelData:888502,Enchantments:[{id:\"minecraft:protection\",lvl:5s},{id:\"minecraft:fire_protection\",lvl:5s},{id:\"minecraft:frost_walker\",lvl:5s},{id:\"minecraft:vanishing_curse\",lvl:1s}]}"
            },
            {
              "function": "set_name",
              "name": [
                {
                  "translate": "Frossabattn",
                  "color": "blue",
                  "bold": true
                }
              ]
            },
            {
              "function": "set_lore",
              "lore": [
                {
                  "translate": "jeg løper!",
                  "color": "gray",
                  "italic": false
                }
              ]
            },
            {
              "function": "set_damage",
              "damage": {
                "min": 0.88,
                "max": 0.93
              }
            },
            {
              "function": "set_nbt",
              "tag": "{bp:{id:\"fragile\"}}"
            }
          ]
        }
      ]
    }
  ]
}
