{
    "parent": "bracken:the_faewild/enter_the_faewild",
    "display": {
        "title": {
            "translate": "Shadow of a Dream"
        },
        "description": {
            "translate": "Enter the darkthunder thicket biome",
            "color": "green"
        },
        "icon": {
            "item": "minecraft:dead_bush"
        },
        "frame": "task",
        "show_toast": true,
        "announce_to_chat": true,
        "hidden": false
    },
    "criteria": {
        "bracken:the_faewild/darkthunder1": {
            "trigger": "minecraft:location",
            "conditions": {
                "player": [
                    {
                        "condition": "minecraft:entity_properties",
                        "entity": "this",
                        "predicate": {
                            "location": {
                                "biome": "bracken:the_faewild/darkthunder_thicket"
                            }
                        }
                    }
                ]
            }
        }
    },
    "requirements": [
        [
            "bracken:the_faewild/darkthunder1"
        ]
    ]
}
