{
    "parent": "bracken:the_faewild/enter_the_faewild",
    "display": {
        "title": {
            "translate": "Past is Prologue"
        },
        "description": {
            "translate": "Enter the dreamfall dells biome",
            "color": "green"
        },
        "icon": {
            "item": "minecraft:warped_nylium"
        },
        "frame": "task",
        "show_toast": true,
        "announce_to_chat": true,
        "hidden": false
    },
    "criteria": {
        "bracken:the_faewild/dells1": {
            "trigger": "minecraft:location",
            "conditions": {
                "player": [
                    {
                        "condition": "minecraft:entity_properties",
                        "entity": "this",
                        "predicate": {
                            "location": {
                                "biome": "bracken:the_faewild/dreamfall_dells"
                            }
                        }
                    }
                ]
            }
        }
    },
    "requirements": [
        [
            "bracken:the_faewild/dells1"
        ]
    ]
}
