{
  "type": "minecraft:chest",
  "pools": [
    {
      "rolls": {
        "min": 7,
        "max": 12
      },
      "entries": [
        {
          "type": "minecraft:item",
          "name": "minecraft:water_bucket",
          "conditions": [
            {
              "condition": "minecraft:random_chance",
              "chance": 0.2
            }
          ]
        },
        {
          "type": "loot_table",
          "name": "bracken:item/ability_books/flying_boat",
          "conditions": [
            {
              "condition": "minecraft:random_chance",
              "chance": 0.05
            }
          ]
        },
        {
          "type": "minecraft:item",
          "name": "minecraft:compass",
          "conditions": [
            {
              "condition": "minecraft:random_chance",
              "chance": 0.2
            }
          ]
        },
        {
          "type": "minecraft:item",
          "name": "minecraft:spyglass",
          "conditions": [
            {
              "condition": "minecraft:random_chance",
              "chance": 0.2
            }
          ]
        },
        {
          "type": "minecraft:item",
          "name": "minecraft:experience_bottle",
          "conditions": [
            {
              "condition": "minecraft:random_chance",
              "chance": 0.5
            }
          ]
        },
        {
          "type": "minecraft:item",
          "name": "minecraft:stick",
          "conditions": [
            {
              "condition": "minecraft:random_chance",
              "chance": 0.8
            }
          ]
        },
        {
          "type": "minecraft:item",
          "name": "minecraft:paper",
          "conditions": [
            {
              "condition": "minecraft:random_chance",
              "chance": 0.8
            }
          ]
        },
        {
          "type": "minecraft:item",
          "name": "minecraft:chorus_fruit",
          "conditions": [
            {
              "condition": "minecraft:random_chance",
              "chance": 0.2
            }
          ]
        },
        {
          "type": "minecraft:item",
          "name": "minecraft:birch_sapling",
          "conditions": [
            {
              "condition": "minecraft:random_chance",
              "chance": 0.9
            }
          ]
        },
        {
          "type": "minecraft:item",
          "name": "minecraft:birch_log",
          "conditions": [
            {
              "condition": "minecraft:random_chance",
              "chance": 0.7
            }
          ]
        },
        {
          "type": "minecraft:item",
          "name": "minecraft:birch_slab",
          "conditions": [
            {
              "condition": "minecraft:random_chance",
              "chance": 0.5
            }
          ]
        },
        {
          "type": "minecraft:item",
          "name": "minecraft:birch_boat",
          "conditions": [
            {
              "condition": "minecraft:random_chance",
              "chance": 0.4
            }
          ]
        },
        {
          "type": "minecraft:item",
          "name": "minecraft:dragon_breath",
          "conditions": [
            {
              "condition": "minecraft:random_chance",
              "chance": 0.1
            }
          ]
        },
        {
          "type": "minecraft:item",
          "name": "minecraft:map",
          "conditions": [
            {
              "condition": "minecraft:random_chance",
              "chance": 0.3
            }
          ]
        }
      ]
    }
  ]
}