{
	"credit": "Made with Blockbench",
	"texture_size": [64, 64],
	"textures": {
		"1": "item/flint_and_steel",
		"2": "item/smeaglin",
		"particle": "item/smeaglin"
	},
	"elements": [
		{
			"from": [-7.16, 3.83, 0.46],
			"to": [24.52, 19.67, 11.02],
			"rotation": {"angle": 0, "axis": "x", "origin": [-1, -9.59, -3.5]},
			"faces": {
				"north": {"uv": [0, 1.5, 3, 3], "texture": "#2"},
				"east": {"uv": [6, 5, 7, 6.5], "texture": "#2"},
				"south": {"uv": [0, 0, 3, 1.5], "texture": "#2"},
				"west": {"uv": [6.5, 0.5, 7.5, 2], "texture": "#2"},
				"up": {"uv": [3.5, 7, 2.5, 4], "rotation": 90, "texture": "#2"},
				"down": {"uv": [4.5, 4, 3.5, 7], "rotation": 270, "texture": "#2"}
			}
		},
		{
			"from": [24.3, 19.67, 5.74],
			"to": [24.52, 32, 11.02],
			"rotation": {"angle": 0, "axis": "x", "origin": [-1, -9.59, -3.5]},
			"faces": {
				"north": {"uv": [0, 0, 0, 2], "texture": "#2"},
				"east": {"uv": [6.5, 6.5, 7, 8.5], "texture": "#2"},
				"south": {"uv": [0, 0, 0, 2], "texture": "#2"},
				"west": {"uv": [7, 2, 7.5, 4], "texture": "#2"},
				"up": {"uv": [0.5, 0, 0, 0], "rotation": 90, "texture": "#2"},
				"down": {"uv": [0.5, 0, 0, 0], "rotation": 270, "texture": "#2"}
			}
		},
		{
			"from": [-7.16, 19.67, 5.74],
			"to": [-6.94, 32, 11.02],
			"rotation": {"angle": 0, "axis": "x", "origin": [-1, -9.59, -3.5]},
			"faces": {
				"north": {"uv": [0, 0, 0, 2], "texture": "#2"},
				"east": {"uv": [2.5, 7, 3, 9], "texture": "#2"},
				"south": {"uv": [0, 0, 0, 2], "texture": "#2"},
				"west": {"uv": [3, 7, 3.5, 9], "texture": "#2"},
				"up": {"uv": [0.5, 0, 0, 0], "rotation": 90, "texture": "#2"},
				"down": {"uv": [0.5, 0, 0, 0], "rotation": 270, "texture": "#2"}
			}
		},
		{
			"from": [-1.88, -6.73, 0.46],
			"to": [19.24, 3.83, 11.02],
			"rotation": {"angle": 0, "axis": "x", "origin": [-1, -9.59, -3.5]},
			"faces": {
				"north": {"uv": [4.5, 4, 6.5, 5], "texture": "#2"},
				"east": {"uv": [5.5, 0.5, 6.5, 1.5], "texture": "#2"},
				"south": {"uv": [0, 4.5, 2, 5.5], "texture": "#2"},
				"west": {"uv": [3.5, 7, 4.5, 8], "texture": "#2"},
				"up": {"uv": [5.5, 7, 4.5, 5], "rotation": 90, "texture": "#2"},
				"down": {"uv": [1, 5.5, 0, 7.5], "rotation": 270, "texture": "#2"}
			}
		},
		{
			"name": "lleg",
			"from": [13.96, -15.475, 5.74],
			"to": [19.24, -6.73, 11.02],
			"rotation": {"angle": 0, "axis": "x", "origin": [-1, -9.59, -3.5]},
			"faces": {
				"north": {"uv": [7.5, 6, 8, 6.5], "texture": "#2"},
				"east": {"uv": [6.5, 4.5, 7, 5], "texture": "#2"},
				"south": {"uv": [7.5, 5, 8, 5.5], "texture": "#2"},
				"west": {"uv": [7.5, 5.5, 8, 6], "texture": "#2"},
				"up": {"uv": [8, 7, 7.5, 6.5], "rotation": 90, "texture": "#2"},
				"down": {"uv": [7.5, 7.5, 7, 8], "rotation": 270, "texture": "#2"}
			}
		},
		{
			"from": [-0.5, -1.09, -4.9],
			"to": [5.06, 4.19, 7.38],
			"rotation": {"angle": 22.5, "axis": "z", "origin": [4.28, -13.55, -0.86]},
			"faces": {
				"north": {"uv": [7, 6.5, 7.5, 7.5], "rotation": 270, "texture": "#2"},
				"east": {"uv": [8, 7.5, 7.5, 7], "rotation": 180, "texture": "#2"},
				"south": {"uv": [5, 7, 5.5, 8], "rotation": 90, "texture": "#2"},
				"west": {"uv": [8, 7.5, 7.5, 8], "texture": "#2"},
				"up": {"uv": [7, 5.5, 7.5, 6.5], "rotation": 90, "texture": "#2"},
				"down": {"uv": [6, 3, 6.5, 4], "rotation": 90, "texture": "#2"}
			}
		},
		{
			"name": "rleg",
			"from": [-1.88, -15.475, 5.74],
			"to": [3.4, -6.73, 11.02],
			"rotation": {"angle": 0, "axis": "x", "origin": [-1, -9.59, -3.5]},
			"faces": {
				"north": {"uv": [8, 1.5, 8.5, 2], "texture": "#2"},
				"east": {"uv": [0, 8, 0.5, 8.5], "texture": "#2"},
				"south": {"uv": [0.5, 8, 1, 8.5], "texture": "#2"},
				"west": {"uv": [8, 1, 8.5, 1.5], "texture": "#2"},
				"up": {"uv": [2.5, 8.5, 2, 8], "rotation": 90, "texture": "#2"},
				"down": {"uv": [8.5, 2, 8, 2.5], "rotation": 270, "texture": "#2"}
			}
		},
		{
			"from": [12.2, 1.99, -4.9],
			"to": [17.76, 7.27, 7.38],
			"rotation": {"angle": -22.5, "axis": "z", "origin": [4.28, -13.55, -0.86]},
			"faces": {
				"north": {"uv": [7.5, 0.5, 8.5, 1], "texture": "#2"},
				"east": {"uv": [8, 2.5, 8.5, 3], "texture": "#2"},
				"south": {"uv": [0, 7.5, 1, 8], "texture": "#2"},
				"west": {"uv": [8, 3, 8.5, 3.5], "texture": "#2"},
				"up": {"uv": [8, 2, 7.5, 1], "rotation": 90, "texture": "#2"},
				"down": {"uv": [8, 2, 7.5, 3], "rotation": 270, "texture": "#2"}
			}
		},
		{
			"from": [-9.8, 5.15, 8.38],
			"to": [27.16, 10.43, 13.66],
			"rotation": {"angle": 0, "axis": "x", "origin": [4.28, -13.55, -0.86]},
			"faces": {
				"north": {"uv": [5.5, 0, 9, 0.5], "texture": "#2"},
				"east": {"uv": [3.5, 8, 4, 8.5], "texture": "#2"},
				"south": {"uv": [3, 2.5, 6.5, 3], "texture": "#2"},
				"west": {"uv": [8, 3.5, 8.5, 4], "texture": "#2"},
				"up": {"uv": [2.5, 8, 2, 4.5], "rotation": 90, "texture": "#2"},
				"down": {"uv": [1.5, 5.5, 1, 9], "rotation": 270, "texture": "#2"}
			}
		},
		{
			"from": [-9.8, -0.13, 13.66],
			"to": [27.16, 10.43, 18.94],
			"rotation": {"angle": 0, "axis": "x", "origin": [4.28, -13.55, -0.86]},
			"faces": {
				"north": {"uv": [2.5, 3, 6, 4], "texture": "#2"},
				"east": {"uv": [7.5, 3, 8, 4], "texture": "#2"},
				"south": {"uv": [3, 1.5, 6.5, 2.5], "texture": "#2"},
				"west": {"uv": [7.5, 4, 8, 5], "texture": "#2"},
				"up": {"uv": [2, 9, 1.5, 5.5], "rotation": 90, "texture": "#2"},
				"down": {"uv": [6, 5, 5.5, 8.5], "rotation": 270, "texture": "#2"}
			}
		},
		{
			"from": [-4.52, -10.69, 8.38],
			"to": [21.88, 5.15, 13.66],
			"rotation": {"angle": 0, "axis": "x", "origin": [4.28, -13.55, -0.86]},
			"faces": {
				"north": {"uv": [3, 0, 5.5, 1.5], "texture": "#2"},
				"east": {"uv": [7, 4, 7.5, 5.5], "texture": "#2"},
				"south": {"uv": [0, 3, 2.5, 4.5], "texture": "#2"},
				"west": {"uv": [4.5, 7, 5, 8.5], "texture": "#2"},
				"up": {"uv": [7, 4.5, 6.5, 2], "rotation": 90, "texture": "#2"},
				"down": {"uv": [6.5, 6.5, 6, 9], "rotation": 270, "texture": "#2"}
			}
		},
		{
			"from": [-9.8, -0.13, 8.38],
			"to": [-4.52, 5.15, 13.66],
			"rotation": {"angle": 0, "axis": "x", "origin": [4.28, -13.55, -0.86]},
			"faces": {
				"north": {"uv": [5, 8, 5.5, 8.5], "texture": "#2"},
				"east": {"uv": [4, 8, 4.5, 8.5], "texture": "#2"},
				"south": {"uv": [8, 4, 8.5, 4.5], "texture": "#2"},
				"west": {"uv": [8, 4.5, 8.5, 5], "texture": "#2"},
				"up": {"uv": [8.5, 5.5, 8, 5], "rotation": 90, "texture": "#2"},
				"down": {"uv": [8.5, 5.5, 8, 6], "rotation": 270, "texture": "#2"}
			}
		},
		{
			"from": [21.88, -0.13, 8.38],
			"to": [27.16, 5.15, 13.66],
			"rotation": {"angle": 0, "axis": "x", "origin": [4.28, -13.55, -0.86]},
			"faces": {
				"north": {"uv": [8, 7, 8.5, 7.5], "texture": "#2"},
				"east": {"uv": [8, 6, 8.5, 6.5], "texture": "#2"},
				"south": {"uv": [8, 6.5, 8.5, 7], "texture": "#2"},
				"west": {"uv": [7, 8, 7.5, 8.5], "texture": "#2"},
				"up": {"uv": [8, 8.5, 7.5, 8], "rotation": 90, "texture": "#2"},
				"down": {"uv": [8.5, 7.5, 8, 8], "rotation": 270, "texture": "#2"}
			}
		},
		{
			"name": "flint_and_steel_16",
			"from": [15, -5, -6],
			"to": [16, -3, -5],
			"rotation": {"angle": 0, "axis": "y", "origin": [16, 0, 0]},
			"faces": {
				"north": {"uv": [14, 12, 15, 14], "texture": "#1"},
				"east": {"uv": [15, 12, 14, 14], "texture": "#1"},
				"south": {"uv": [15, 12, 14, 14], "texture": "#1"},
				"west": {"uv": [15, 12, 14, 14], "texture": "#1"},
				"up": {"uv": [15, 12, 14, 13], "texture": "#1"},
				"down": {"uv": [15, 13, 14, 14], "texture": "#1"}
			}
		},
		{
			"name": "flint_and_steel_15",
			"from": [22, -5, -6],
			"to": [23, -2, -5],
			"rotation": {"angle": 0, "axis": "y", "origin": [16, 0, 0]},
			"faces": {
				"north": {"uv": [7, 11, 8, 14], "texture": "#1"},
				"east": {"uv": [8, 11, 7, 14], "texture": "#1"},
				"south": {"uv": [8, 11, 7, 14], "texture": "#1"},
				"west": {"uv": [8, 11, 7, 14], "texture": "#1"},
				"up": {"uv": [8, 11, 7, 12], "texture": "#1"},
				"down": {"uv": [8, 13, 7, 14], "texture": "#1"}
			}
		},
		{
			"name": "flint_and_steel_14",
			"from": [16, -6, -6],
			"to": [17, -1, -5],
			"rotation": {"angle": 0, "axis": "y", "origin": [16, 0, 0]},
			"faces": {
				"north": {"uv": [13, 10, 14, 15], "texture": "#1"},
				"east": {"uv": [14, 10, 13, 15], "texture": "#1"},
				"south": {"uv": [14, 10, 13, 15], "texture": "#1"},
				"west": {"uv": [14, 10, 13, 15], "texture": "#1"},
				"up": {"uv": [14, 10, 13, 11], "texture": "#1"},
				"down": {"uv": [14, 14, 13, 15], "texture": "#1"}
			}
		},
		{
			"name": "flint_and_steel_13",
			"from": [21, -6, -6],
			"to": [22, -1, -5],
			"rotation": {"angle": 0, "axis": "y", "origin": [16, 0, 0]},
			"faces": {
				"north": {"uv": [8, 10, 9, 15], "texture": "#1"},
				"east": {"uv": [9, 10, 8, 15], "texture": "#1"},
				"south": {"uv": [9, 10, 8, 15], "texture": "#1"},
				"west": {"uv": [9, 10, 8, 15], "texture": "#1"},
				"up": {"uv": [9, 10, 8, 11], "texture": "#1"},
				"down": {"uv": [9, 14, 8, 15], "texture": "#1"}
			}
		},
		{
			"name": "flint_and_steel_12",
			"from": [20, -7, -6],
			"to": [21, 0, -5],
			"rotation": {"angle": 0, "axis": "y", "origin": [16, 0, 0]},
			"faces": {
				"north": {"uv": [9, 9, 10, 16], "texture": "#1"},
				"east": {"uv": [10, 9, 9, 16], "texture": "#1"},
				"south": {"uv": [10, 9, 9, 16], "texture": "#1"},
				"west": {"uv": [10, 9, 9, 16], "texture": "#1"},
				"up": {"uv": [10, 9, 9, 10], "texture": "#1"},
				"down": {"uv": [10, 15, 9, 16], "texture": "#1"}
			}
		},
		{
			"name": "flint_and_steel_11",
			"from": [23, -1, -6],
			"to": [24, 0, -5],
			"rotation": {"angle": 0, "axis": "y", "origin": [16, 0, 0]},
			"faces": {
				"north": {"uv": [6, 9, 7, 10], "texture": "#1"},
				"east": {"uv": [7, 9, 6, 10], "texture": "#1"},
				"south": {"uv": [7, 9, 6, 10], "texture": "#1"},
				"west": {"uv": [7, 9, 6, 10], "texture": "#1"},
				"up": {"uv": [7, 9, 6, 10], "texture": "#1"},
				"down": {"uv": [7, 9, 6, 10], "texture": "#1"}
			}
		},
		{
			"name": "flint_and_steel_10",
			"from": [17, -6, -6],
			"to": [18, 1, -5],
			"rotation": {"angle": 0, "axis": "y", "origin": [16, 0, 0]},
			"faces": {
				"north": {"uv": [12, 8, 13, 15], "texture": "#1"},
				"east": {"uv": [13, 8, 12, 15], "texture": "#1"},
				"south": {"uv": [13, 8, 12, 15], "texture": "#1"},
				"west": {"uv": [13, 8, 12, 15], "texture": "#1"},
				"up": {"uv": [13, 8, 12, 9], "texture": "#1"},
				"down": {"uv": [13, 14, 12, 15], "texture": "#1"}
			}
		},
		{
			"name": "flint_and_steel_9",
			"from": [19, -7, -6],
			"to": [20, 1, -5],
			"rotation": {"angle": 0, "axis": "y", "origin": [16, 0, 0]},
			"faces": {
				"north": {"uv": [10, 8, 11, 16], "texture": "#1"},
				"east": {"uv": [11, 8, 10, 16], "texture": "#1"},
				"south": {"uv": [11, 8, 10, 16], "texture": "#1"},
				"west": {"uv": [11, 8, 10, 16], "texture": "#1"},
				"up": {"uv": [11, 8, 10, 9], "texture": "#1"},
				"down": {"uv": [11, 15, 10, 16], "texture": "#1"}
			}
		},
		{
			"name": "flint_and_steel_8",
			"from": [24, -2, -6],
			"to": [25, 1, -5],
			"rotation": {"angle": 0, "axis": "y", "origin": [16, 0, 0]},
			"faces": {
				"north": {"uv": [5, 8, 6, 11], "texture": "#1"},
				"east": {"uv": [6, 8, 5, 11], "texture": "#1"},
				"south": {"uv": [6, 8, 5, 11], "texture": "#1"},
				"west": {"uv": [6, 8, 5, 11], "texture": "#1"},
				"up": {"uv": [6, 8, 5, 9], "texture": "#1"},
				"down": {"uv": [6, 10, 5, 11], "texture": "#1"}
			}
		},
		{
			"name": "flint_and_steel_7",
			"from": [18, -6, -6],
			"to": [19, 2, -5],
			"rotation": {"angle": 0, "axis": "y", "origin": [16, 0, 0]},
			"faces": {
				"north": {"uv": [11, 7, 12, 15], "texture": "#1"},
				"east": {"uv": [12, 7, 11, 15], "texture": "#1"},
				"south": {"uv": [12, 7, 11, 15], "texture": "#1"},
				"west": {"uv": [12, 7, 11, 15], "texture": "#1"},
				"up": {"uv": [12, 7, 11, 8], "texture": "#1"},
				"down": {"uv": [12, 14, 11, 15], "texture": "#1"}
			}
		},
		{
			"name": "flint_and_steel_6",
			"from": [22, 0, -6],
			"to": [24, 2, -5],
			"rotation": {"angle": 0, "axis": "y", "origin": [16, 0, 0]},
			"faces": {
				"north": {"uv": [6, 7, 8, 9], "texture": "#1"},
				"east": {"uv": [7, 7, 6, 9], "texture": "#1"},
				"south": {"uv": [8, 7, 6, 9], "texture": "#1"},
				"west": {"uv": [8, 7, 7, 9], "texture": "#1"},
				"up": {"uv": [8, 7, 6, 8], "texture": "#1"},
				"down": {"uv": [8, 8, 6, 9], "texture": "#1"}
			}
		},
		{
			"name": "flint_and_steel_5",
			"from": [25, -2, -6],
			"to": [26, 5, -5],
			"rotation": {"angle": 0, "axis": "y", "origin": [16, 0, 0]},
			"faces": {
				"north": {"uv": [4, 4, 5, 11], "texture": "#1"},
				"east": {"uv": [5, 4, 4, 11], "texture": "#1"},
				"south": {"uv": [5, 4, 4, 11], "texture": "#1"},
				"west": {"uv": [5, 4, 4, 11], "texture": "#1"},
				"up": {"uv": [5, 4, 4, 5], "texture": "#1"},
				"down": {"uv": [5, 10, 4, 11], "texture": "#1"}
			}
		},
		{
			"name": "flint_and_steel_4",
			"from": [22, 4, -6],
			"to": [23, 6, -5],
			"rotation": {"angle": 0, "axis": "y", "origin": [16, 0, 0]},
			"faces": {
				"north": {"uv": [7, 3, 8, 5], "texture": "#1"},
				"east": {"uv": [8, 3, 7, 5], "texture": "#1"},
				"south": {"uv": [8, 3, 7, 5], "texture": "#1"},
				"west": {"uv": [8, 3, 7, 5], "texture": "#1"},
				"up": {"uv": [8, 3, 7, 4], "texture": "#1"},
				"down": {"uv": [8, 4, 7, 5], "texture": "#1"}
			}
		},
		{
			"name": "flint_and_steel_3",
			"from": [27, 0, -6],
			"to": [28, 6, -5],
			"rotation": {"angle": 0, "axis": "y", "origin": [16, 0, 0]},
			"faces": {
				"north": {"uv": [2, 3, 3, 9], "texture": "#1"},
				"east": {"uv": [3, 3, 2, 9], "texture": "#1"},
				"south": {"uv": [3, 3, 2, 9], "texture": "#1"},
				"west": {"uv": [3, 3, 2, 9], "texture": "#1"},
				"up": {"uv": [3, 3, 2, 4], "texture": "#1"},
				"down": {"uv": [3, 8, 2, 9], "texture": "#1"}
			}
		},
		{
			"name": "flint_and_steel_2",
			"from": [23, 4, -6],
			"to": [24, 7, -5],
			"rotation": {"angle": 0, "axis": "y", "origin": [16, 0, 0]},
			"faces": {
				"north": {"uv": [6, 2, 7, 5], "texture": "#1"},
				"east": {"uv": [7, 2, 6, 5], "texture": "#1"},
				"south": {"uv": [7, 2, 6, 5], "texture": "#1"},
				"west": {"uv": [7, 2, 6, 5], "texture": "#1"},
				"up": {"uv": [7, 2, 6, 3], "texture": "#1"},
				"down": {"uv": [7, 4, 6, 5], "texture": "#1"}
			}
		},
		{
			"name": "flint_and_steel_1",
			"from": [26, -1, -6],
			"to": [27, 7, -5],
			"rotation": {"angle": 0, "axis": "y", "origin": [16, 0, 0]},
			"faces": {
				"north": {"uv": [3, 2, 4, 10], "texture": "#1"},
				"east": {"uv": [4, 2, 3, 10], "texture": "#1"},
				"south": {"uv": [4, 2, 3, 10], "texture": "#1"},
				"west": {"uv": [4, 2, 3, 10], "texture": "#1"},
				"up": {"uv": [4, 2, 3, 3], "texture": "#1"},
				"down": {"uv": [4, 9, 3, 10], "texture": "#1"}
			}
		},
		{
			"name": "flint_and_steel_0",
			"from": [24, 5, -6],
			"to": [26, 8, -5],
			"rotation": {"angle": 0, "axis": "y", "origin": [16, 0, 0]},
			"faces": {
				"north": {"uv": [4, 1, 6, 4], "texture": "#1"},
				"east": {"uv": [5, 1, 4, 4], "texture": "#1"},
				"south": {"uv": [6, 1, 4, 4], "texture": "#1"},
				"west": {"uv": [6, 1, 5, 4], "texture": "#1"},
				"up": {"uv": [6, 1, 4, 2], "texture": "#1"},
				"down": {"uv": [6, 3, 4, 4], "texture": "#1"}
			}
		}
	],
	"display": {
		"thirdperson_righthand": {
			"translation": [0, 0, 5.75]
		},
		"head": {
			"translation": [0, -7.25, 0]
		}
	},
	"groups": [
		{
			"name": "group",
			"origin": [-1, 0.75, -0.5],
			"color": 0,
			"children": [0, 1, 2, 3, 4, 5, 6, 7, 8, 9, 10, 11, 12, 13, 14, 15, 16, 17, 18, 19, 20, 21, 22, 23, 24, 25, 26, 27, 28, 29]
		}
	]
}