{
    "parent": "bracken:panacea/enter_panacea",
    "display": {
        "title": {
            "translate": "Carboniferous!"
        },
        "description": {
            "translate": "Obtain coal in Panacea",
            "color": "green"
        },
        "icon": {
            "item": "minecraft:coal"},
        "frame": "task",
        "show_toast": true,
        "announce_to_chat": true,
        "hidden": false
    },
    "criteria": {
        "bracken:panacea/coal1": {
            "trigger": "minecraft:inventory_changed",
            "conditions": {
                "player": [
                    {
                        "condition": "minecraft:entity_properties",
                        "entity": "this",
                        "predicate": {
                            "location": {
                                "dimension": "bracken:panacea"
                            }
                        }
                    }
                ],
                "items": [
                    {
                        "items": [
                            "minecraft:coal"
                        ]
                    }
                ]
            }
        }
    },
    "requirements": [
        [
            "bracken:panacea/coal1"
        ]
    ]
}
