{
    "parent": "bracken:panacea/enter_panacea",
    "display": {
        "title": {
            "translate": "Ashes and Dust"
        },
        "description": {
            "translate": "Enter the condemned taiga biome",
            "color": "green"
        },
        "icon": {
            "item": "minecraft:basalt"
        },
        "frame": "task",
        "show_toast": true,
        "announce_to_chat": true,
        "hidden": false
    },
    "criteria": {
        "bracken:panacea/condemned1": {
            "trigger": "minecraft:location",
            "conditions": {
                "player": [
                    {
                        "condition": "minecraft:entity_properties",
                        "entity": "this",
                        "predicate": {
                            "location": {
                                "biome": "bracken:panacea/condemned_taiga"
                            }
                        }
                    }
                ]
            }
        }
    },
    "requirements": [
        [
            "bracken:panacea/condemned1"
        ]
    ]
}
