{
  "pools": [
    {
      "rolls": 1,
      "entries": [
        {
          "type": "item",
          "name": "minecraft:leather_leggings",
          "functions": [
            {
              "function": "set_nbt",
              "tag": "{AttributeModifiers:[{Amount:3,AttributeName:\"generic.max_health\",Name:\"generic.max_health\",Operation:0,Slot:\"legs\",UUID:[I;-236698701,1065435307,-1573910638,1256473768]}],CustomModelData:888502,display:{color:2072837}}"
            },
            {
              "function": "set_name",
              "name": [
                {
                  "translate": "Vitality Leggings",
                  "color": "white",
                  "italic": false
                }
              ]
            },
            {
              "function": "set_lore",
              "lore": []
            }
          ]
        }
      ]
    }
  ]
}
