{
  "pools": [
    {
      "rolls": 1,
      "entries": [
        {
          "type": "item",
          "name": "minecraft:leather_boots",
          "functions": [
            {
              "function": "set_nbt",
              "tag": "{AttributeModifiers:[{Amount:2,AttributeName:\"generic.max_health\",Name:\"generic.max_health\",Operation:0,Slot:\"feet\",UUID:[I;-896811287,-251379226,-1452454504,1804568985]}],CustomModelData:888502,display:{color:505095}}"
            },
            {
              "function": "set_name",
              "name": [
                {
                  "translate": "Vitality Boots",
                  "color": "white",
                  "italic": false
                }
              ]
            },
            {
              "function": "set_lore",
              "lore": []
            }
          ]
        }
      ]
    }
  ]
}
