{
    "parent": "bracken:the_brine/enter_the_brine",
    "display": {
        "title": {
            "translate": "Keeping the Peace"
        },
        "description": {
            "translate": "Approach a Realmkeeper station",
            "color": "green"
        },
        "icon": {
            "item": "minecraft:gold_block"
        },
        "frame": "task",
        "show_toast": true,
        "announce_to_chat": true,
        "hidden": false
    },
    "criteria": {
        "bracken:the_brine/weakness1": {
            "trigger": "minecraft:location",
            "conditions": {
                "player": [
                    {
                        "condition": "minecraft:entity_properties",
                        "entity": "this",
                        "predicate": {
                            "type": "minecraft:player",
                            "effects": {
                                "minecraft:weakness": {}
                            }
                        }
                    },
                    {
                        "condition": "minecraft:entity_properties",
                        "entity": "this",
                        "predicate": {
                            "location": {
                                "dimension": "bracken:the_brine",
                                "structure": "bracken:brine_station"
                            }
                        }
                    }
                ]
            }
        }
    },
    "requirements": [
        [
            "bracken:the_brine/weakness1"
        ]
    ]
}
