{
    "parent": "bracken:the_brine/enter_the_brine",
    "display": {
        "title": {
            "translate": "Yikes!"
        },
        "description": {
            "translate": "Get attacked by a bobbit worm",
            "color": "green"
        },
        "icon": {
            "item": "minecraft:bamboo",
            "nbt": "{CustomModelData:888520}"
        },
        "frame": "task",
        "show_toast": true,
        "announce_to_chat": true,
        "hidden": false
    },
    "criteria": {
        "bracken:the_brine/worm1": {
            "trigger": "minecraft:impossible"
        }
    },
    "requirements": [
        [
            "bracken:the_brine/worm1"
        ]
    ]
}
