{
  "type": "minecraft:chest",
  "pools": [
    {
      "rolls": {
        "min": 5,
        "max": 15
      },
      "entries": [
        {
          "type": "minecraft:item",
          "name": "minecraft:torch",
          "conditions": [
            {
              "condition": "minecraft:random_chance",
              "chance": 0.5
            }
          ]
        },
  {
          "type": "minecraft:item",
          "name": "minecraft:melon_slice",
          "conditions": [
            {
              "condition": "minecraft:random_chance",
              "chance": 0.5
            }
          ]
        },
        {
          "type": "minecraft:item",
          "name": "minecraft:leather",
          "conditions": [
            {
              "condition": "minecraft:random_chance",
              "chance": 0.2
            }
          ]
        }
      ]
    },
	{
	"rolls": 1,
        "entries": [
	{
          "type": "loot_table",
          "name": "bracken:item/portal_keys/pax_key",
          "conditions": [
            {
              "condition": "minecraft:random_chance",
              "chance": 1
            }
          ]
        }
]
},
	{
	"rolls": 1,
        "entries": [
	{
          "type": "loot_table",
          "name": "bracken:item/portal_keys/dormis_key",
          "conditions": [
            {
              "condition": "minecraft:random_chance",
              "chance": 0.1
            }
          ]
        }
]
},
{
"rolls": 1,
      "entries": [
  {
        "type": "loot_table",
        "name": "bracken:item/ability_books/returning_tides",
        "conditions": [
          {
            "condition": "minecraft:random_chance",
            "chance": 0.6
          }
        ]
      }
]
}
  ]
}
