{
  "pools": [
    {
      "rolls": 1,
      "entries": [
        {
          "type": "item",
          "name": "minecraft:structure_block",
          "functions": [
            {
              "function": "set_nbt",
              "tag": "{bp.portal_key:11b,CustomModelData:888511}"
            },
            {
              "function": "set_name",
              "name": [
                {
                  "translate": "Sanctum Portal Key",
                  "color": "yellow",
                  "italic": true,
                  "bold": true
                }
              ]
            },
            {
              "function": "set_lore",
              "lore": [
                {
                  "translate": "Unlocks a door to somewhere...",
                  "italic": false
                }
              ]
            }
          ]
        }
      ]
    }
  ]
}
