{
  "type": "minecraft:chest",
  "pools": [
    {
      "rolls": {
        "min": 2,
        "max": 5
      },
      "entries": [
        {
          "type": "minecraft:item",
          "name": "minecraft:clock",
          "conditions": [
            {
              "condition": "minecraft:random_chance",
              "chance": 0.6
            }
          ]
        },
        {
          "type": "minecraft:item",
          "name": "minecraft:moss_block",
          "conditions": [
            {
              "condition": "minecraft:random_chance",
              "chance": 0.2
            }
          ]
        },
        {
          "type": "loot_table",
          "name": "bracken:item/potions/saturation_potion",
          "conditions": [
            {
              "condition": "minecraft:random_chance",
              "chance": 0.5
            }
          ]
        },
        {
          "type": "minecraft:item",
          "name": "minecraft:netherite_pickaxe",
          "conditions": [
            {
              "condition": "minecraft:random_chance",
              "chance": 0.2
            }
          ]
        },
        {
          "type": "minecraft:item",
          "name": "minecraft:netherite_sword",
          "conditions": [
            {
              "condition": "minecraft:random_chance",
              "chance": 0.2
            }
          ]
        },
        {
          "type": "minecraft:item",
          "name": "minecraft:netherite_shovel",
          "conditions": [
            {
              "condition": "minecraft:random_chance",
              "chance": 0.2
            }
          ]
        },
        {
          "type": "minecraft:item",
          "name": "minecraft:netherite_axe",
          "conditions": [
            {
              "condition": "minecraft:random_chance",
              "chance": 0.2
            }
          ]
        },
        {
          "type": "minecraft:item",
          "name": "minecraft:netherite_hoe",
          "conditions": [
            {
              "condition": "minecraft:random_chance",
              "chance": 0.2
            }
          ]
        },
        {
          "type": "minecraft:item",
          "name": "minecraft:netherite_helmet",
          "conditions": [
            {
              "condition": "minecraft:random_chance",
              "chance": 0.2
            }
          ]
        },
        {
          "type": "minecraft:item",
          "name": "minecraft:netherite_chestplate",
          "conditions": [
            {
              "condition": "minecraft:random_chance",
              "chance": 0.1
            }
          ]
        },
        {
          "type": "minecraft:item",
          "name": "minecraft:netherite_leggings",
          "conditions": [
            {
              "condition": "minecraft:random_chance",
              "chance": 0.1
            }
          ]
        },
        {
          "type": "minecraft:item",
          "name": "minecraft:netherite_boots",
          "conditions": [
            {
              "condition": "minecraft:random_chance",
              "chance": 0.2
            }
          ]
        },
        {
          "type": "minecraft:item",
          "name": "minecraft:rotten_flesh",
          "conditions": [
            {
              "condition": "minecraft:random_chance",
              "chance": 0.8
            }
          ]
        },
        {
          "type": "minecraft:item",
          "name": "minecraft:bone",
          "conditions": [
            {
              "condition": "minecraft:random_chance",
              "chance": 0.8
            }
          ]
        },
        {
          "type": "minecraft:item",
          "name": "minecraft:bone_meal",
          "conditions": [
            {
              "condition": "minecraft:random_chance",
              "chance": 0.8
            }
          ]
        },
        {
          "type": "minecraft:item",
          "name": "minecraft:smithing_table",
          "conditions": [
            {
              "condition": "minecraft:random_chance",
              "chance": 0.5
            }
          ]
        },
        {
          "type": "minecraft:item",
          "name": "minecraft:obsidian",
          "conditions": [
            {
              "condition": "minecraft:random_chance",
              "chance": 0.7
            }
          ]
        }
      ]
    }
  ]
}
