{
    "parent": "bracken:the_underdark/gravel",
    "display": {
        "title": {
            "translate": "Why Twice?"
        },
        "description": {
            "translate": "Discover the twice abandoned mineshaft",
            "color": "green"
        },
        "icon": {
            "item": "minecraft:dark_oak_log"
        },
        "frame": "task",
        "show_toast": true,
        "announce_to_chat": true,
        "hidden": false
    },
    "criteria": {
        "bracken:the_underdark/mineshaft1": {
            "trigger": "minecraft:location",
            "conditions": {
                "player": [
                    {
                        "condition": "minecraft:entity_properties",
                        "entity": "this",
                        "predicate": {
                            "location": {
                                "dimension": "bracken:the_underdark",
                                "structure": "bracken:twice_abandoned_mineshaft"
                            }
                        }
                    }
                ]
            }
        }
    },
    "requirements": [
        [
            "bracken:the_underdark/mineshaft1"
        ]
    ]
}
