{
  "pools": [
    {
      "rolls": 1,
      "entries": [
        {
          "type": "minecraft:item",
          "name": "minecraft:warped_fungus_on_a_stick",
          "functions": [
            {
              "function": "set_nbt",
              "tag": "{CustomModelData:888501}"
            },
            {
              "function": "minecraft:set_name",
              "name": {
                "text": "Frost Spite",
                "color": "yellow",
                "italic": false
              }
            },
            {
              "function": "minecraft:set_lore",
              "lore": [
                {
                  "text": "Combat",
                  "color": "dark_blue",
                  "italic": false
                }
              ]
            },
            {
              "function": "minecraft:set_nbt",
              "tag": "{bp:{id:\"frost_spite\"}}"
            }
          ]
        }
      ]
    }
  ]
}
