{
    "parent": "bracken:sanctum/boss",
    "display": {
        "title": {
            "translate": "Ruination Validation"
        },
        "description": {
            "translate": "Feed xp to the program until it can be free",
            "color": "green"
        },
        "icon": {
            "item": "minecraft:experience_bottle"
        },
        "frame": "challenge",
        "show_toast": true,
        "announce_to_chat": true,
        "hidden": true
    },
    "criteria": {
        "bracken:sanctum/save_boss1": {
            "trigger": "minecraft:impossible"
        }
    },
    "requirements": [
        [
            "bracken:sanctum/save_boss1"
        ]
    ]
}
