{
  "pools": [
    {
      "rolls": 1,
      "entries": [
        {
          "type": "minecraft:loot_table",
          "name": "bracken:item/ability_books/tetra_slime"
        }
      ]
    },
    {
      "rolls": 1,
      "entries": [
        {
          "type": "minecraft:loot_table",
          "name": "bracken:item/panacea/mortal_cull"
        }
      ]
    },
    {
      "rolls": 1,
      "entries": [
        {
          "type": "minecraft:loot_table",
          "name": "bracken:item/portal_keys/panacea_key"
        }
      ]
    },
    {
      "rolls": {
        "min": 20,
        "max": 30
      },
      "entries": [
        {
          "type": "minecraft:loot_table",
          "name": "bracken:item/panacea/panaspore"
        }
      ]
    }
  ]
}
