{
  "type": "minecraft:chest",
  "pools": [
    {
      "rolls": {
        "min": 7,
        "max": 15
      },
      "entries": [
        {
          "type": "minecraft:item",
          "name": "minecraft:rotten_flesh",
          "conditions": [
            {
              "condition": "minecraft:random_chance",
              "chance": 0.8
            }
          ]
        },
        {
          "type": "minecraft:item",
          "name": "minecraft:cobweb",
          "conditions": [
            {
              "condition": "minecraft:random_chance",
              "chance": 0.4
            }
          ]
        },
        {
          "type": "minecraft:item",
          "name": "minecraft:bone",
          "conditions": [
            {
              "condition": "minecraft:random_chance",
              "chance": 0.6
            }
          ]
        },
        
        
        {
          "type": "minecraft:item",
          "name": "minecraft:coal",
          "conditions": [
            {
              "condition": "minecraft:random_chance",
              "chance": 0.4
            }
          ]
        },
        {
          "type": "minecraft:item",
          "name": "minecraft:suspicious_stew",
          "conditions": [
            {
              "condition": "minecraft:random_chance",
              "chance": 0.15
            }
          ],
          "functions":[
            {"function":"set_nbt","tag":"{Effects:[{EffectId:2b,EffectDuration:160},{EffectId:15b,EffectDuration:160},{EffectId:16b,EffectDuration:160},{EffectId:17b,EffectDuration:160},{EffectId:19b,EffectDuration:160},{EffectId:20b,EffectDuration:160}]}"}
          ]
        },
        {
          "type": "minecraft:item",
          "name": "minecraft:poisonous_potato",
          "conditions": [
            {
              "condition": "minecraft:random_chance",
              "chance": 0.25
            }
          ]
        }
        
        
        
      ]
    }
  ]
}
